category,value_mean,value_std,value_count
A,11.5,1.2909944487358056,4
B,15.666666666666666,2.0816659994661326,3
C,27.666666666666668,2.516611478423583,3
